set,base_id,target,cluster
MetalSet,cell4130,c:\Users\권나연\Desktop\나연\연세대학교\DSL\26-1\EDA\lithodata\MetalSet\target\cell4130.png,0
MetalSet,cell2675,c:\Users\권나연\Desktop\나연\연세대학교\DSL\26-1\EDA\lithodata\MetalSet\target\cell2675.png,0
MetalSet,cell15250,c:\Users\권나연\Desktop\나연\연세대학교\DSL\26-1\EDA\lithodata\MetalSet\target\cell15250.png,1
MetalSet,cell9201,c:\Users\권나연\Desktop\나연\연세대학교\DSL\26-1\EDA\lithodata\MetalSet\target\cell9201.png,2
MetalSet,cell14893,c:\Users\권나연\Desktop\나연\연세대학교\DSL\26-1\EDA\lithodata\MetalSet\target\cell14893.png,2
MetalSet,cell15214,c:\Users\권나연\Desktop\나연\연세대학교\DSL\26-1\EDA\lithodata\MetalSet\target\cell15214.png,3
MetalSet,cell13485,c:\Users\권나연\Desktop\나연\연세대학교\DSL\26-1\EDA\lithodata\MetalSet\target\cell13485.png,4
MetalSet,cell14136,c:\Users\권나연\Desktop\나연\연세대학교\DSL\26-1\EDA\lithodata\MetalSet\target\cell14136.png,4
MetalSet,cell2558,c:\Users\권나연\Desktop\나연\연세대학교\DSL\26-1\EDA\lithodata\MetalSet\target\cell2558.png,5
MetalSet,cell5210,c:\Users\권나연\Desktop\나연\연세대학교\DSL\26-1\EDA\lithodata\MetalSet\target\cell5210.png,6
MetalSet,cell15051,c:\Users\권나연\Desktop\나연\연세대학교\DSL\26-1\EDA\lithodata\MetalSet\target\cell15051.png,7
MetalSet,cell11145,c:\Users\권나연\Desktop\나연\연세대학교\DSL\26-1\EDA\lithodata\MetalSet\target\cell11145.png,8
MetalSet,cell14760,c:\Users\권나연\Desktop\나연\연세대학교\DSL\26-1\EDA\lithodata\MetalSet\target\cell14760.png,9
MetalSet,cell3612,c:\Users\권나연\Desktop\나연\연세대학교\DSL\26-1\EDA\lithodata\MetalSet\target\cell3612.png,10
MetalSet,cell3805,c:\Users\권나연\Desktop\나연\연세대학교\DSL\26-1\EDA\lithodata\MetalSet\target\cell3805.png,10
MetalSet,cell5707,c:\Users\권나연\Desktop\나연\연세대학교\DSL\26-1\EDA\lithodata\MetalSet\target\cell5707.png,12
MetalSet,cell10996,c:\Users\권나연\Desktop\나연\연세대학교\DSL\26-1\EDA\lithodata\MetalSet\target\cell10996.png,12
MetalSet,cell5834,c:\Users\권나연\Desktop\나연\연세대학교\DSL\26-1\EDA\lithodata\MetalSet\target\cell5834.png,13
MetalSet,cell3205,c:\Users\권나연\Desktop\나연\연세대학교\DSL\26-1\EDA\lithodata\MetalSet\target\cell3205.png,14
MetalSet,cell1937,c:\Users\권나연\Desktop\나연\연세대학교\DSL\26-1\EDA\lithodata\MetalSet\target\cell1937.png,14
MetalSet,cell8966,c:\Users\권나연\Desktop\나연\연세대학교\DSL\26-1\EDA\lithodata\MetalSet\target\cell8966.png,15
MetalSet,cell10613,c:\Users\권나연\Desktop\나연\연세대학교\DSL\26-1\EDA\lithodata\MetalSet\target\cell10613.png,17
MetalSet,cell3179,c:\Users\권나연\Desktop\나연\연세대학교\DSL\26-1\EDA\lithodata\MetalSet\target\cell3179.png,18
MetalSet,cell11213,c:\Users\권나연\Desktop\나연\연세대학교\DSL\26-1\EDA\lithodata\MetalSet\target\cell11213.png,18
MetalSet,cell9962,c:\Users\권나연\Desktop\나연\연세대학교\DSL\26-1\EDA\lithodata\MetalSet\target\cell9962.png,20
MetalSet,cell6414,c:\Users\권나연\Desktop\나연\연세대학교\DSL\26-1\EDA\lithodata\MetalSet\target\cell6414.png,21
MetalSet,cell5112,c:\Users\권나연\Desktop\나연\연세대학교\DSL\26-1\EDA\lithodata\MetalSet\target\cell5112.png,23
MetalSet,cell5821,c:\Users\권나연\Desktop\나연\연세대학교\DSL\26-1\EDA\lithodata\MetalSet\target\cell5821.png,23
MetalSet,cell4002,c:\Users\권나연\Desktop\나연\연세대학교\DSL\26-1\EDA\lithodata\MetalSet\target\cell4002.png,24
MetalSet,cell976,c:\Users\권나연\Desktop\나연\연세대학교\DSL\26-1\EDA\lithodata\MetalSet\target\cell976.png,25
MetalSet,cell194,c:\Users\권나연\Desktop\나연\연세대학교\DSL\26-1\EDA\lithodata\MetalSet\target\cell194.png,25
MetalSet,cell2882,c:\Users\권나연\Desktop\나연\연세대학교\DSL\26-1\EDA\lithodata\MetalSet\target\cell2882.png,26
MetalSet,cell2276,c:\Users\권나연\Desktop\나연\연세대학교\DSL\26-1\EDA\lithodata\MetalSet\target\cell2276.png,26
MetalSet,cell6375,c:\Users\권나연\Desktop\나연\연세대학교\DSL\26-1\EDA\lithodata\MetalSet\target\cell6375.png,27
MetalSet,cell12030,c:\Users\권나연\Desktop\나연\연세대학교\DSL\26-1\EDA\lithodata\MetalSet\target\cell12030.png,28
MetalSet,cell2848,c:\Users\권나연\Desktop\나연\연세대학교\DSL\26-1\EDA\lithodata\MetalSet\target\cell2848.png,28
MetalSet,cell10400,c:\Users\권나연\Desktop\나연\연세대학교\DSL\26-1\EDA\lithodata\MetalSet\target\cell10400.png,29
MetalSet,cell165,c:\Users\권나연\Desktop\나연\연세대학교\DSL\26-1\EDA\lithodata\MetalSet\target\cell165.png,30
MetalSet,cell11064,c:\Users\권나연\Desktop\나연\연세대학교\DSL\26-1\EDA\lithodata\MetalSet\target\cell11064.png,31
MetalSet,cell1197,c:\Users\권나연\Desktop\나연\연세대학교\DSL\26-1\EDA\lithodata\MetalSet\target\cell1197.png,32
MetalSet,cell1701,c:\Users\권나연\Desktop\나연\연세대학교\DSL\26-1\EDA\lithodata\MetalSet\target\cell1701.png,32
MetalSet,cell13392,c:\Users\권나연\Desktop\나연\연세대학교\DSL\26-1\EDA\lithodata\MetalSet\target\cell13392.png,33
MetalSet,cell14483,c:\Users\권나연\Desktop\나연\연세대학교\DSL\26-1\EDA\lithodata\MetalSet\target\cell14483.png,35
MetalSet,cell2735,c:\Users\권나연\Desktop\나연\연세대학교\DSL\26-1\EDA\lithodata\MetalSet\target\cell2735.png,36
MetalSet,cell10381,c:\Users\권나연\Desktop\나연\연세대학교\DSL\26-1\EDA\lithodata\MetalSet\target\cell10381.png,37
MetalSet,cell10950,c:\Users\권나연\Desktop\나연\연세대학교\DSL\26-1\EDA\lithodata\MetalSet\target\cell10950.png,37
MetalSet,cell5884,c:\Users\권나연\Desktop\나연\연세대학교\DSL\26-1\EDA\lithodata\MetalSet\target\cell5884.png,37
MetalSet,cell7017,c:\Users\권나연\Desktop\나연\연세대학교\DSL\26-1\EDA\lithodata\MetalSet\target\cell7017.png,40
MetalSet,cell15953,c:\Users\권나연\Desktop\나연\연세대학교\DSL\26-1\EDA\lithodata\MetalSet\target\cell15953.png,40
MetalSet,cell3102,c:\Users\권나연\Desktop\나연\연세대학교\DSL\26-1\EDA\lithodata\MetalSet\target\cell3102.png,41
MetalSet,cell15360,c:\Users\권나연\Desktop\나연\연세대학교\DSL\26-1\EDA\lithodata\MetalSet\target\cell15360.png,42
MetalSet,cell9455,c:\Users\권나연\Desktop\나연\연세대학교\DSL\26-1\EDA\lithodata\MetalSet\target\cell9455.png,43
MetalSet,cell5745,c:\Users\권나연\Desktop\나연\연세대학교\DSL\26-1\EDA\lithodata\MetalSet\target\cell5745.png,44
MetalSet,cell145,c:\Users\권나연\Desktop\나연\연세대학교\DSL\26-1\EDA\lithodata\MetalSet\target\cell145.png,45
MetalSet,cell10819,c:\Users\권나연\Desktop\나연\연세대학교\DSL\26-1\EDA\lithodata\MetalSet\target\cell10819.png,45
MetalSet,cell14964,c:\Users\권나연\Desktop\나연\연세대학교\DSL\26-1\EDA\lithodata\MetalSet\target\cell14964.png,46
MetalSet,cell770,c:\Users\권나연\Desktop\나연\연세대학교\DSL\26-1\EDA\lithodata\MetalSet\target\cell770.png,49
MetalSet,cell4180,c:\Users\권나연\Desktop\나연\연세대학교\DSL\26-1\EDA\lithodata\MetalSet\target\cell4180.png,50
MetalSet,cell10972,c:\Users\권나연\Desktop\나연\연세대학교\DSL\26-1\EDA\lithodata\MetalSet\target\cell10972.png,50
MetalSet,cell8564,c:\Users\권나연\Desktop\나연\연세대학교\DSL\26-1\EDA\lithodata\MetalSet\target\cell8564.png,51
MetalSet,cell8774,c:\Users\권나연\Desktop\나연\연세대학교\DSL\26-1\EDA\lithodata\MetalSet\target\cell8774.png,51
MetalSet,cell3719,c:\Users\권나연\Desktop\나연\연세대학교\DSL\26-1\EDA\lithodata\MetalSet\target\cell3719.png,52
MetalSet,cell3111,c:\Users\권나연\Desktop\나연\연세대학교\DSL\26-1\EDA\lithodata\MetalSet\target\cell3111.png,52
MetalSet,cell8617,c:\Users\권나연\Desktop\나연\연세대학교\DSL\26-1\EDA\lithodata\MetalSet\target\cell8617.png,53
MetalSet,cell10736,c:\Users\권나연\Desktop\나연\연세대학교\DSL\26-1\EDA\lithodata\MetalSet\target\cell10736.png,53
MetalSet,cell6881,c:\Users\권나연\Desktop\나연\연세대학교\DSL\26-1\EDA\lithodata\MetalSet\target\cell6881.png,54
MetalSet,cell10435,c:\Users\권나연\Desktop\나연\연세대학교\DSL\26-1\EDA\lithodata\MetalSet\target\cell10435.png,54
MetalSet,cell1413,c:\Users\권나연\Desktop\나연\연세대학교\DSL\26-1\EDA\lithodata\MetalSet\target\cell1413.png,55
MetalSet,cell108,c:\Users\권나연\Desktop\나연\연세대학교\DSL\26-1\EDA\lithodata\MetalSet\target\cell108.png,55
MetalSet,cell5309,c:\Users\권나연\Desktop\나연\연세대학교\DSL\26-1\EDA\lithodata\MetalSet\target\cell5309.png,55
MetalSet,cell9864,c:\Users\권나연\Desktop\나연\연세대학교\DSL\26-1\EDA\lithodata\MetalSet\target\cell9864.png,56
MetalSet,cell10543,c:\Users\권나연\Desktop\나연\연세대학교\DSL\26-1\EDA\lithodata\MetalSet\target\cell10543.png,57
MetalSet,cell13008,c:\Users\권나연\Desktop\나연\연세대학교\DSL\26-1\EDA\lithodata\MetalSet\target\cell13008.png,59
MetalSet,cell15329,c:\Users\권나연\Desktop\나연\연세대학교\DSL\26-1\EDA\lithodata\MetalSet\target\cell15329.png,59
MetalSet,cell4942,c:\Users\권나연\Desktop\나연\연세대학교\DSL\26-1\EDA\lithodata\MetalSet\target\cell4942.png,60
MetalSet,cell3648,c:\Users\권나연\Desktop\나연\연세대학교\DSL\26-1\EDA\lithodata\MetalSet\target\cell3648.png,61
MetalSet,cell1656,c:\Users\권나연\Desktop\나연\연세대학교\DSL\26-1\EDA\lithodata\MetalSet\target\cell1656.png,62
MetalSet,cell11854,c:\Users\권나연\Desktop\나연\연세대학교\DSL\26-1\EDA\lithodata\MetalSet\target\cell11854.png,63
MetalSet,cell8981,c:\Users\권나연\Desktop\나연\연세대학교\DSL\26-1\EDA\lithodata\MetalSet\target\cell8981.png,63
MetalSet,cell8162,c:\Users\권나연\Desktop\나연\연세대학교\DSL\26-1\EDA\lithodata\MetalSet\target\cell8162.png,65
MetalSet,cell15530,c:\Users\권나연\Desktop\나연\연세대학교\DSL\26-1\EDA\lithodata\MetalSet\target\cell15530.png,66
MetalSet,cell13636,c:\Users\권나연\Desktop\나연\연세대학교\DSL\26-1\EDA\lithodata\MetalSet\target\cell13636.png,67
MetalSet,cell11733,c:\Users\권나연\Desktop\나연\연세대학교\DSL\26-1\EDA\lithodata\MetalSet\target\cell11733.png,68
MetalSet,cell3107,c:\Users\권나연\Desktop\나연\연세대학교\DSL\26-1\EDA\lithodata\MetalSet\target\cell3107.png,69
MetalSet,cell8737,c:\Users\권나연\Desktop\나연\연세대학교\DSL\26-1\EDA\lithodata\MetalSet\target\cell8737.png,70
MetalSet,cell15907,c:\Users\권나연\Desktop\나연\연세대학교\DSL\26-1\EDA\lithodata\MetalSet\target\cell15907.png,70
MetalSet,cell9330,c:\Users\권나연\Desktop\나연\연세대학교\DSL\26-1\EDA\lithodata\MetalSet\target\cell9330.png,71
MetalSet,cell11749,c:\Users\권나연\Desktop\나연\연세대학교\DSL\26-1\EDA\lithodata\MetalSet\target\cell11749.png,71
MetalSet,cell4256,c:\Users\권나연\Desktop\나연\연세대학교\DSL\26-1\EDA\lithodata\MetalSet\target\cell4256.png,73
MetalSet,cell5721,c:\Users\권나연\Desktop\나연\연세대학교\DSL\26-1\EDA\lithodata\MetalSet\target\cell5721.png,74
MetalSet,cell7074,c:\Users\권나연\Desktop\나연\연세대학교\DSL\26-1\EDA\lithodata\MetalSet\target\cell7074.png,75
MetalSet,cell9100,c:\Users\권나연\Desktop\나연\연세대학교\DSL\26-1\EDA\lithodata\MetalSet\target\cell9100.png,76
MetalSet,cell8854,c:\Users\권나연\Desktop\나연\연세대학교\DSL\26-1\EDA\lithodata\MetalSet\target\cell8854.png,78
MetalSet,cell10922,c:\Users\권나연\Desktop\나연\연세대학교\DSL\26-1\EDA\lithodata\MetalSet\target\cell10922.png,78
MetalSet,cell10758,c:\Users\권나연\Desktop\나연\연세대학교\DSL\26-1\EDA\lithodata\MetalSet\target\cell10758.png,79
MetalSet,cell11449,c:\Users\권나연\Desktop\나연\연세대학교\DSL\26-1\EDA\lithodata\MetalSet\target\cell11449.png,79
MetalSet,cell10901,c:\Users\권나연\Desktop\나연\연세대학교\DSL\26-1\EDA\lithodata\MetalSet\target\cell10901.png,80
MetalSet,cell14450,c:\Users\권나연\Desktop\나연\연세대학교\DSL\26-1\EDA\lithodata\MetalSet\target\cell14450.png,81
MetalSet,cell4033,c:\Users\권나연\Desktop\나연\연세대학교\DSL\26-1\EDA\lithodata\MetalSet\target\cell4033.png,82
MetalSet,cell1083,c:\Users\권나연\Desktop\나연\연세대학교\DSL\26-1\EDA\lithodata\MetalSet\target\cell1083.png,82
MetalSet,cell15295,c:\Users\권나연\Desktop\나연\연세대학교\DSL\26-1\EDA\lithodata\MetalSet\target\cell15295.png,84
MetalSet,cell14218,c:\Users\권나연\Desktop\나연\연세대학교\DSL\26-1\EDA\lithodata\MetalSet\target\cell14218.png,84
MetalSet,cell10827,c:\Users\권나연\Desktop\나연\연세대학교\DSL\26-1\EDA\lithodata\MetalSet\target\cell10827.png,85
MetalSet,cell2945,c:\Users\권나연\Desktop\나연\연세대학교\DSL\26-1\EDA\lithodata\MetalSet\target\cell2945.png,86
MetalSet,cell12844,c:\Users\권나연\Desktop\나연\연세대학교\DSL\26-1\EDA\lithodata\MetalSet\target\cell12844.png,87
MetalSet,cell12193,c:\Users\권나연\Desktop\나연\연세대학교\DSL\26-1\EDA\lithodata\MetalSet\target\cell12193.png,88
MetalSet,cell40,c:\Users\권나연\Desktop\나연\연세대학교\DSL\26-1\EDA\lithodata\MetalSet\target\cell40.png,89
MetalSet,cell12591,c:\Users\권나연\Desktop\나연\연세대학교\DSL\26-1\EDA\lithodata\MetalSet\target\cell12591.png,90
MetalSet,cell6976,c:\Users\권나연\Desktop\나연\연세대학교\DSL\26-1\EDA\lithodata\MetalSet\target\cell6976.png,91
MetalSet,cell15822,c:\Users\권나연\Desktop\나연\연세대학교\DSL\26-1\EDA\lithodata\MetalSet\target\cell15822.png,92
MetalSet,cell10703,c:\Users\권나연\Desktop\나연\연세대학교\DSL\26-1\EDA\lithodata\MetalSet\target\cell10703.png,93
MetalSet,cell10515,c:\Users\권나연\Desktop\나연\연세대학교\DSL\26-1\EDA\lithodata\MetalSet\target\cell10515.png,93
MetalSet,cell10526,c:\Users\권나연\Desktop\나연\연세대학교\DSL\26-1\EDA\lithodata\MetalSet\target\cell10526.png,94
MetalSet,cell13999,c:\Users\권나연\Desktop\나연\연세대학교\DSL\26-1\EDA\lithodata\MetalSet\target\cell13999.png,95
MetalSet,cell12648,c:\Users\권나연\Desktop\나연\연세대학교\DSL\26-1\EDA\lithodata\MetalSet\target\cell12648.png,96
MetalSet,cell11759,c:\Users\권나연\Desktop\나연\연세대학교\DSL\26-1\EDA\lithodata\MetalSet\target\cell11759.png,97
MetalSet,cell3878,c:\Users\권나연\Desktop\나연\연세대학교\DSL\26-1\EDA\lithodata\MetalSet\target\cell3878.png,98
MetalSet,cell5023,c:\Users\권나연\Desktop\나연\연세대학교\DSL\26-1\EDA\lithodata\MetalSet\target\cell5023.png,98
MetalSet,cell1600,c:\Users\권나연\Desktop\나연\연세대학교\DSL\26-1\EDA\lithodata\MetalSet\target\cell1600.png,99
MetalSet,cell8971,c:\Users\권나연\Desktop\나연\연세대학교\DSL\26-1\EDA\lithodata\MetalSet\target\cell8971.png,100
MetalSet,cell6930,c:\Users\권나연\Desktop\나연\연세대학교\DSL\26-1\EDA\lithodata\MetalSet\target\cell6930.png,101
MetalSet,cell2180,c:\Users\권나연\Desktop\나연\연세대학교\DSL\26-1\EDA\lithodata\MetalSet\target\cell2180.png,102
MetalSet,cell7735,c:\Users\권나연\Desktop\나연\연세대학교\DSL\26-1\EDA\lithodata\MetalSet\target\cell7735.png,102
MetalSet,cell15372,c:\Users\권나연\Desktop\나연\연세대학교\DSL\26-1\EDA\lithodata\MetalSet\target\cell15372.png,103
MetalSet,cell6730,c:\Users\권나연\Desktop\나연\연세대학교\DSL\26-1\EDA\lithodata\MetalSet\target\cell6730.png,104
MetalSet,cell7816,c:\Users\권나연\Desktop\나연\연세대학교\DSL\26-1\EDA\lithodata\MetalSet\target\cell7816.png,105
MetalSet,cell9605,c:\Users\권나연\Desktop\나연\연세대학교\DSL\26-1\EDA\lithodata\MetalSet\target\cell9605.png,106
MetalSet,cell13971,c:\Users\권나연\Desktop\나연\연세대학교\DSL\26-1\EDA\lithodata\MetalSet\target\cell13971.png,107
MetalSet,cell14706,c:\Users\권나연\Desktop\나연\연세대학교\DSL\26-1\EDA\lithodata\MetalSet\target\cell14706.png,107
MetalSet,cell13602,c:\Users\권나연\Desktop\나연\연세대학교\DSL\26-1\EDA\lithodata\MetalSet\target\cell13602.png,108
MetalSet,cell15057,c:\Users\권나연\Desktop\나연\연세대학교\DSL\26-1\EDA\lithodata\MetalSet\target\cell15057.png,109
MetalSet,cell7256,c:\Users\권나연\Desktop\나연\연세대학교\DSL\26-1\EDA\lithodata\MetalSet\target\cell7256.png,110
MetalSet,cell2357,c:\Users\권나연\Desktop\나연\연세대학교\DSL\26-1\EDA\lithodata\MetalSet\target\cell2357.png,111
MetalSet,cell6161,c:\Users\권나연\Desktop\나연\연세대학교\DSL\26-1\EDA\lithodata\MetalSet\target\cell6161.png,112
MetalSet,cell2442,c:\Users\권나연\Desktop\나연\연세대학교\DSL\26-1\EDA\lithodata\MetalSet\target\cell2442.png,113
MetalSet,cell5524,c:\Users\권나연\Desktop\나연\연세대학교\DSL\26-1\EDA\lithodata\MetalSet\target\cell5524.png,113
MetalSet,cell6756,c:\Users\권나연\Desktop\나연\연세대학교\DSL\26-1\EDA\lithodata\MetalSet\target\cell6756.png,114
MetalSet,cell15754,c:\Users\권나연\Desktop\나연\연세대학교\DSL\26-1\EDA\lithodata\MetalSet\target\cell15754.png,115
MetalSet,cell3923,c:\Users\권나연\Desktop\나연\연세대학교\DSL\26-1\EDA\lithodata\MetalSet\target\cell3923.png,116
MetalSet,cell11980,c:\Users\권나연\Desktop\나연\연세대학교\DSL\26-1\EDA\lithodata\MetalSet\target\cell11980.png,116
MetalSet,cell4384,c:\Users\권나연\Desktop\나연\연세대학교\DSL\26-1\EDA\lithodata\MetalSet\target\cell4384.png,117
MetalSet,cell6799,c:\Users\권나연\Desktop\나연\연세대학교\DSL\26-1\EDA\lithodata\MetalSet\target\cell6799.png,118
MetalSet,cell2431,c:\Users\권나연\Desktop\나연\연세대학교\DSL\26-1\EDA\lithodata\MetalSet\target\cell2431.png,119
MetalSet,cell1136,c:\Users\권나연\Desktop\나연\연세대학교\DSL\26-1\EDA\lithodata\MetalSet\target\cell1136.png,119
MetalSet,cell12923,c:\Users\권나연\Desktop\나연\연세대학교\DSL\26-1\EDA\lithodata\MetalSet\target\cell12923.png,120
MetalSet,cell5122,c:\Users\권나연\Desktop\나연\연세대학교\DSL\26-1\EDA\lithodata\MetalSet\target\cell5122.png,121
MetalSet,cell1783,c:\Users\권나연\Desktop\나연\연세대학교\DSL\26-1\EDA\lithodata\MetalSet\target\cell1783.png,122
MetalSet,cell3070,c:\Users\권나연\Desktop\나연\연세대학교\DSL\26-1\EDA\lithodata\MetalSet\target\cell3070.png,123
MetalSet,cell10571,c:\Users\권나연\Desktop\나연\연세대학교\DSL\26-1\EDA\lithodata\MetalSet\target\cell10571.png,123
MetalSet,cell14672,c:\Users\권나연\Desktop\나연\연세대학교\DSL\26-1\EDA\lithodata\MetalSet\target\cell14672.png,124
MetalSet,cell4643,c:\Users\권나연\Desktop\나연\연세대학교\DSL\26-1\EDA\lithodata\MetalSet\target\cell4643.png,125
MetalSet,cell5857,c:\Users\권나연\Desktop\나연\연세대학교\DSL\26-1\EDA\lithodata\MetalSet\target\cell5857.png,126
MetalSet,cell1473,c:\Users\권나연\Desktop\나연\연세대학교\DSL\26-1\EDA\lithodata\MetalSet\target\cell1473.png,126
MetalSet,cell4500,c:\Users\권나연\Desktop\나연\연세대학교\DSL\26-1\EDA\lithodata\MetalSet\target\cell4500.png,127
MetalSet,cell14339,c:\Users\권나연\Desktop\나연\연세대학교\DSL\26-1\EDA\lithodata\MetalSet\target\cell14339.png,128
MetalSet,cell12596,c:\Users\권나연\Desktop\나연\연세대학교\DSL\26-1\EDA\lithodata\MetalSet\target\cell12596.png,128
MetalSet,cell3984,c:\Users\권나연\Desktop\나연\연세대학교\DSL\26-1\EDA\lithodata\MetalSet\target\cell3984.png,129
MetalSet,cell12831,c:\Users\권나연\Desktop\나연\연세대학교\DSL\26-1\EDA\lithodata\MetalSet\target\cell12831.png,129
MetalSet,cell3899,c:\Users\권나연\Desktop\나연\연세대학교\DSL\26-1\EDA\lithodata\MetalSet\target\cell3899.png,130
MetalSet,cell3543,c:\Users\권나연\Desktop\나연\연세대학교\DSL\26-1\EDA\lithodata\MetalSet\target\cell3543.png,131
MetalSet,cell2564,c:\Users\권나연\Desktop\나연\연세대학교\DSL\26-1\EDA\lithodata\MetalSet\target\cell2564.png,131
MetalSet,cell11416,c:\Users\권나연\Desktop\나연\연세대학교\DSL\26-1\EDA\lithodata\MetalSet\target\cell11416.png,132
MetalSet,cell6388,c:\Users\권나연\Desktop\나연\연세대학교\DSL\26-1\EDA\lithodata\MetalSet\target\cell6388.png,132
MetalSet,cell14350,c:\Users\권나연\Desktop\나연\연세대학교\DSL\26-1\EDA\lithodata\MetalSet\target\cell14350.png,133
MetalSet,cell15561,c:\Users\권나연\Desktop\나연\연세대학교\DSL\26-1\EDA\lithodata\MetalSet\target\cell15561.png,134
MetalSet,cell5034,c:\Users\권나연\Desktop\나연\연세대학교\DSL\26-1\EDA\lithodata\MetalSet\target\cell5034.png,135
MetalSet,cell3028,c:\Users\권나연\Desktop\나연\연세대학교\DSL\26-1\EDA\lithodata\MetalSet\target\cell3028.png,136
MetalSet,cell15097,c:\Users\권나연\Desktop\나연\연세대학교\DSL\26-1\EDA\lithodata\MetalSet\target\cell15097.png,137
MetalSet,cell7049,c:\Users\권나연\Desktop\나연\연세대학교\DSL\26-1\EDA\lithodata\MetalSet\target\cell7049.png,138
MetalSet,cell10121,c:\Users\권나연\Desktop\나연\연세대학교\DSL\26-1\EDA\lithodata\MetalSet\target\cell10121.png,138
MetalSet,cell11642,c:\Users\권나연\Desktop\나연\연세대학교\DSL\26-1\EDA\lithodata\MetalSet\target\cell11642.png,139
MetalSet,cell16735,c:\Users\권나연\Desktop\나연\연세대학교\DSL\26-1\EDA\lithodata\MetalSet\target\cell16735.png,140
MetalSet,cell272,c:\Users\권나연\Desktop\나연\연세대학교\DSL\26-1\EDA\lithodata\MetalSet\target\cell272.png,141
MetalSet,cell4419,c:\Users\권나연\Desktop\나연\연세대학교\DSL\26-1\EDA\lithodata\MetalSet\target\cell4419.png,142
MetalSet,cell12700,c:\Users\권나연\Desktop\나연\연세대학교\DSL\26-1\EDA\lithodata\MetalSet\target\cell12700.png,143
MetalSet,cell13589,c:\Users\권나연\Desktop\나연\연세대학교\DSL\26-1\EDA\lithodata\MetalSet\target\cell13589.png,143
MetalSet,cell1898,c:\Users\권나연\Desktop\나연\연세대학교\DSL\26-1\EDA\lithodata\MetalSet\target\cell1898.png,145
MetalSet,cell2550,c:\Users\권나연\Desktop\나연\연세대학교\DSL\26-1\EDA\lithodata\MetalSet\target\cell2550.png,145
MetalSet,cell7440,c:\Users\권나연\Desktop\나연\연세대학교\DSL\26-1\EDA\lithodata\MetalSet\target\cell7440.png,147
MetalSet,cell10801,c:\Users\권나연\Desktop\나연\연세대학교\DSL\26-1\EDA\lithodata\MetalSet\target\cell10801.png,149
MetalSet,cell3961,c:\Users\권나연\Desktop\나연\연세대학교\DSL\26-1\EDA\lithodata\MetalSet\target\cell3961.png,149
MetalSet,cell16054,c:\Users\권나연\Desktop\나연\연세대학교\DSL\26-1\EDA\lithodata\MetalSet\target\cell16054.png,150
MetalSet,cell9752,c:\Users\권나연\Desktop\나연\연세대학교\DSL\26-1\EDA\lithodata\MetalSet\target\cell9752.png,152
MetalSet,cell16065,c:\Users\권나연\Desktop\나연\연세대학교\DSL\26-1\EDA\lithodata\MetalSet\target\cell16065.png,153
MetalSet,cell3185,c:\Users\권나연\Desktop\나연\연세대학교\DSL\26-1\EDA\lithodata\MetalSet\target\cell3185.png,153
MetalSet,cell8835,c:\Users\권나연\Desktop\나연\연세대학교\DSL\26-1\EDA\lithodata\MetalSet\target\cell8835.png,155
MetalSet,cell12705,c:\Users\권나연\Desktop\나연\연세대학교\DSL\26-1\EDA\lithodata\MetalSet\target\cell12705.png,156
MetalSet,cell13906,c:\Users\권나연\Desktop\나연\연세대학교\DSL\26-1\EDA\lithodata\MetalSet\target\cell13906.png,156
MetalSet,cell11434,c:\Users\권나연\Desktop\나연\연세대학교\DSL\26-1\EDA\lithodata\MetalSet\target\cell11434.png,157
MetalSet,cell13153,c:\Users\권나연\Desktop\나연\연세대학교\DSL\26-1\EDA\lithodata\MetalSet\target\cell13153.png,158
MetalSet,cell16337,c:\Users\권나연\Desktop\나연\연세대학교\DSL\26-1\EDA\lithodata\MetalSet\target\cell16337.png,159
MetalSet,cell14126,c:\Users\권나연\Desktop\나연\연세대학교\DSL\26-1\EDA\lithodata\MetalSet\target\cell14126.png,160
MetalSet,cell1272,c:\Users\권나연\Desktop\나연\연세대학교\DSL\26-1\EDA\lithodata\MetalSet\target\cell1272.png,161
MetalSet,cell2482,c:\Users\권나연\Desktop\나연\연세대학교\DSL\26-1\EDA\lithodata\MetalSet\target\cell2482.png,162
MetalSet,cell13225,c:\Users\권나연\Desktop\나연\연세대학교\DSL\26-1\EDA\lithodata\MetalSet\target\cell13225.png,163
MetalSet,cell7926,c:\Users\권나연\Desktop\나연\연세대학교\DSL\26-1\EDA\lithodata\MetalSet\target\cell7926.png,164
MetalSet,cell5420,c:\Users\권나연\Desktop\나연\연세대학교\DSL\26-1\EDA\lithodata\MetalSet\target\cell5420.png,165
MetalSet,cell446,c:\Users\권나연\Desktop\나연\연세대학교\DSL\26-1\EDA\lithodata\MetalSet\target\cell446.png,165
MetalSet,cell15406,c:\Users\권나연\Desktop\나연\연세대학교\DSL\26-1\EDA\lithodata\MetalSet\target\cell15406.png,166
MetalSet,cell4457,c:\Users\권나연\Desktop\나연\연세대학교\DSL\26-1\EDA\lithodata\MetalSet\target\cell4457.png,167
MetalSet,cell10098,c:\Users\권나연\Desktop\나연\연세대학교\DSL\26-1\EDA\lithodata\MetalSet\target\cell10098.png,168
MetalSet,cell10556,c:\Users\권나연\Desktop\나연\연세대학교\DSL\26-1\EDA\lithodata\MetalSet\target\cell10556.png,169
MetalSet,cell14686,c:\Users\권나연\Desktop\나연\연세대학교\DSL\26-1\EDA\lithodata\MetalSet\target\cell14686.png,170
MetalSet,cell10749,c:\Users\권나연\Desktop\나연\연세대학교\DSL\26-1\EDA\lithodata\MetalSet\target\cell10749.png,170
MetalSet,cell15994,c:\Users\권나연\Desktop\나연\연세대학교\DSL\26-1\EDA\lithodata\MetalSet\target\cell15994.png,171
MetalSet,cell14786,c:\Users\권나연\Desktop\나연\연세대학교\DSL\26-1\EDA\lithodata\MetalSet\target\cell14786.png,171
MetalSet,cell9750,c:\Users\권나연\Desktop\나연\연세대학교\DSL\26-1\EDA\lithodata\MetalSet\target\cell9750.png,172
MetalSet,cell2358,c:\Users\권나연\Desktop\나연\연세대학교\DSL\26-1\EDA\lithodata\MetalSet\target\cell2358.png,173
MetalSet,cell8563,c:\Users\권나연\Desktop\나연\연세대학교\DSL\26-1\EDA\lithodata\MetalSet\target\cell8563.png,174
MetalSet,cell965,c:\Users\권나연\Desktop\나연\연세대학교\DSL\26-1\EDA\lithodata\MetalSet\target\cell965.png,174
MetalSet,cell3449,c:\Users\권나연\Desktop\나연\연세대학교\DSL\26-1\EDA\lithodata\MetalSet\target\cell3449.png,176
MetalSet,cell12879,c:\Users\권나연\Desktop\나연\연세대학교\DSL\26-1\EDA\lithodata\MetalSet\target\cell12879.png,177
MetalSet,cell4228,c:\Users\권나연\Desktop\나연\연세대학교\DSL\26-1\EDA\lithodata\MetalSet\target\cell4228.png,178
MetalSet,cell7154,c:\Users\권나연\Desktop\나연\연세대학교\DSL\26-1\EDA\lithodata\MetalSet\target\cell7154.png,179
MetalSet,cell1551,c:\Users\권나연\Desktop\나연\연세대학교\DSL\26-1\EDA\lithodata\MetalSet\target\cell1551.png,180
MetalSet,cell12652,c:\Users\권나연\Desktop\나연\연세대학교\DSL\26-1\EDA\lithodata\MetalSet\target\cell12652.png,181
MetalSet,cell9769,c:\Users\권나연\Desktop\나연\연세대학교\DSL\26-1\EDA\lithodata\MetalSet\target\cell9769.png,182
MetalSet,cell11307,c:\Users\권나연\Desktop\나연\연세대학교\DSL\26-1\EDA\lithodata\MetalSet\target\cell11307.png,185
MetalSet,cell12985,c:\Users\권나연\Desktop\나연\연세대학교\DSL\26-1\EDA\lithodata\MetalSet\target\cell12985.png,186
MetalSet,cell7206,c:\Users\권나연\Desktop\나연\연세대학교\DSL\26-1\EDA\lithodata\MetalSet\target\cell7206.png,187
MetalSet,cell4684,c:\Users\권나연\Desktop\나연\연세대학교\DSL\26-1\EDA\lithodata\MetalSet\target\cell4684.png,187
MetalSet,cell9537,c:\Users\권나연\Desktop\나연\연세대학교\DSL\26-1\EDA\lithodata\MetalSet\target\cell9537.png,188
MetalSet,cell7071,c:\Users\권나연\Desktop\나연\연세대학교\DSL\26-1\EDA\lithodata\MetalSet\target\cell7071.png,189
MetalSet,cell2520,c:\Users\권나연\Desktop\나연\연세대학교\DSL\26-1\EDA\lithodata\MetalSet\target\cell2520.png,190
MetalSet,cell2335,c:\Users\권나연\Desktop\나연\연세대학교\DSL\26-1\EDA\lithodata\MetalSet\target\cell2335.png,190
MetalSet,cell3851,c:\Users\권나연\Desktop\나연\연세대학교\DSL\26-1\EDA\lithodata\MetalSet\target\cell3851.png,190
MetalSet,cell13414,c:\Users\권나연\Desktop\나연\연세대학교\DSL\26-1\EDA\lithodata\MetalSet\target\cell13414.png,191
MetalSet,cell7289,c:\Users\권나연\Desktop\나연\연세대학교\DSL\26-1\EDA\lithodata\MetalSet\target\cell7289.png,192
MetalSet,cell10593,c:\Users\권나연\Desktop\나연\연세대학교\DSL\26-1\EDA\lithodata\MetalSet\target\cell10593.png,193
MetalSet,cell5639,c:\Users\권나연\Desktop\나연\연세대학교\DSL\26-1\EDA\lithodata\MetalSet\target\cell5639.png,194
MetalSet,cell11770,c:\Users\권나연\Desktop\나연\연세대학교\DSL\26-1\EDA\lithodata\MetalSet\target\cell11770.png,195
MetalSet,cell9987,c:\Users\권나연\Desktop\나연\연세대학교\DSL\26-1\EDA\lithodata\MetalSet\target\cell9987.png,195
MetalSet,cell11509,c:\Users\권나연\Desktop\나연\연세대학교\DSL\26-1\EDA\lithodata\MetalSet\target\cell11509.png,196
MetalSet,cell9747,c:\Users\권나연\Desktop\나연\연세대학교\DSL\26-1\EDA\lithodata\MetalSet\target\cell9747.png,196
MetalSet,cell10418,c:\Users\권나연\Desktop\나연\연세대학교\DSL\26-1\EDA\lithodata\MetalSet\target\cell10418.png,197
MetalSet,cell10312,c:\Users\권나연\Desktop\나연\연세대학교\DSL\26-1\EDA\lithodata\MetalSet\target\cell10312.png,197
MetalSet,cell5561,c:\Users\권나연\Desktop\나연\연세대학교\DSL\26-1\EDA\lithodata\MetalSet\target\cell5561.png,198
MetalSet,cell10237,c:\Users\권나연\Desktop\나연\연세대학교\DSL\26-1\EDA\lithodata\MetalSet\target\cell10237.png,199
MetalSet,cell5691,c:\Users\권나연\Desktop\나연\연세대학교\DSL\26-1\EDA\lithodata\MetalSet\target\cell5691.png,200
MetalSet,cell12724,c:\Users\권나연\Desktop\나연\연세대학교\DSL\26-1\EDA\lithodata\MetalSet\target\cell12724.png,201
MetalSet,cell6601,c:\Users\권나연\Desktop\나연\연세대학교\DSL\26-1\EDA\lithodata\MetalSet\target\cell6601.png,201
MetalSet,cell14441,c:\Users\권나연\Desktop\나연\연세대학교\DSL\26-1\EDA\lithodata\MetalSet\target\cell14441.png,202
MetalSet,cell14278,c:\Users\권나연\Desktop\나연\연세대학교\DSL\26-1\EDA\lithodata\MetalSet\target\cell14278.png,202
MetalSet,cell12773,c:\Users\권나연\Desktop\나연\연세대학교\DSL\26-1\EDA\lithodata\MetalSet\target\cell12773.png,203
MetalSet,cell7360,c:\Users\권나연\Desktop\나연\연세대학교\DSL\26-1\EDA\lithodata\MetalSet\target\cell7360.png,204
MetalSet,cell6420,c:\Users\권나연\Desktop\나연\연세대학교\DSL\26-1\EDA\lithodata\MetalSet\target\cell6420.png,205
MetalSet,cell12914,c:\Users\권나연\Desktop\나연\연세대학교\DSL\26-1\EDA\lithodata\MetalSet\target\cell12914.png,206
MetalSet,cell11669,c:\Users\권나연\Desktop\나연\연세대학교\DSL\26-1\EDA\lithodata\MetalSet\target\cell11669.png,207
MetalSet,cell6848,c:\Users\권나연\Desktop\나연\연세대학교\DSL\26-1\EDA\lithodata\MetalSet\target\cell6848.png,208
MetalSet,cell4432,c:\Users\권나연\Desktop\나연\연세대학교\DSL\26-1\EDA\lithodata\MetalSet\target\cell4432.png,208
MetalSet,cell4708,c:\Users\권나연\Desktop\나연\연세대학교\DSL\26-1\EDA\lithodata\MetalSet\target\cell4708.png,209
MetalSet,cell1180,c:\Users\권나연\Desktop\나연\연세대학교\DSL\26-1\EDA\lithodata\MetalSet\target\cell1180.png,211
MetalSet,cell4794,c:\Users\권나연\Desktop\나연\연세대학교\DSL\26-1\EDA\lithodata\MetalSet\target\cell4794.png,212
MetalSet,cell13576,c:\Users\권나연\Desktop\나연\연세대학교\DSL\26-1\EDA\lithodata\MetalSet\target\cell13576.png,213
MetalSet,cell11077,c:\Users\권나연\Desktop\나연\연세대학교\DSL\26-1\EDA\lithodata\MetalSet\target\cell11077.png,214
MetalSet,cell7413,c:\Users\권나연\Desktop\나연\연세대학교\DSL\26-1\EDA\lithodata\MetalSet\target\cell7413.png,215
MetalSet,cell4230,c:\Users\권나연\Desktop\나연\연세대학교\DSL\26-1\EDA\lithodata\MetalSet\target\cell4230.png,216
MetalSet,cell2158,c:\Users\권나연\Desktop\나연\연세대학교\DSL\26-1\EDA\lithodata\MetalSet\target\cell2158.png,217
MetalSet,cell14857,c:\Users\권나연\Desktop\나연\연세대학교\DSL\26-1\EDA\lithodata\MetalSet\target\cell14857.png,219
MetalSet,cell3870,c:\Users\권나연\Desktop\나연\연세대학교\DSL\26-1\EDA\lithodata\MetalSet\target\cell3870.png,220
MetalSet,cell12218,c:\Users\권나연\Desktop\나연\연세대학교\DSL\26-1\EDA\lithodata\MetalSet\target\cell12218.png,223
MetalSet,cell16485,c:\Users\권나연\Desktop\나연\연세대학교\DSL\26-1\EDA\lithodata\MetalSet\target\cell16485.png,224
MetalSet,cell16155,c:\Users\권나연\Desktop\나연\연세대학교\DSL\26-1\EDA\lithodata\MetalSet\target\cell16155.png,226
MetalSet,cell4225,c:\Users\권나연\Desktop\나연\연세대학교\DSL\26-1\EDA\lithodata\MetalSet\target\cell4225.png,227
MetalSet,cell14046,c:\Users\권나연\Desktop\나연\연세대학교\DSL\26-1\EDA\lithodata\MetalSet\target\cell14046.png,230
MetalSet,cell1377,c:\Users\권나연\Desktop\나연\연세대학교\DSL\26-1\EDA\lithodata\MetalSet\target\cell1377.png,232
MetalSet,cell4922,c:\Users\권나연\Desktop\나연\연세대학교\DSL\26-1\EDA\lithodata\MetalSet\target\cell4922.png,234
MetalSet,cell12273,c:\Users\권나연\Desktop\나연\연세대학교\DSL\26-1\EDA\lithodata\MetalSet\target\cell12273.png,236
MetalSet,cell14462,c:\Users\권나연\Desktop\나연\연세대학교\DSL\26-1\EDA\lithodata\MetalSet\target\cell14462.png,237
MetalSet,cell12895,c:\Users\권나연\Desktop\나연\연세대학교\DSL\26-1\EDA\lithodata\MetalSet\target\cell12895.png,238
MetalSet,cell8053,c:\Users\권나연\Desktop\나연\연세대학교\DSL\26-1\EDA\lithodata\MetalSet\target\cell8053.png,239
